feedback_id,customer_id,feedback_text,feedback_date,category_id,product_id
1,116,Could be improved.,2024-08-30 16:26:20.697978,7,34
2,500,Support was helpful.,2024-07-28 16:26:20.697978,2,52
3,173,Quick and easy purchase process!,2024-09-03 16:26:20.697978,6,33
4,142,Will definitely recommend!,2024-07-21 16:26:20.697978,6,22
5,423,I would not buy again.,2024-09-07 16:26:20.697978,2,64
6,166,Satisfied with my purchase.,2024-08-12 16:26:20.697978,3,43
7,28,Loved the features!,2024-09-21 16:26:20.697978,8,110
8,220,Usability is fantastic.,2024-09-19 16:26:20.697978,3,16
9,321,Could be improved.,2024-07-27 16:26:20.697978,3,75
10,596,The product exceeded my expectations.,2024-09-28 16:26:20.697978,2,28
11,448,Loved the features!,2024-08-26 16:26:20.697978,1,99
12,43,Product quality is excellent.,2024-09-27 16:26:20.697978,5,89
13,99,Usability is fantastic.,2024-09-24 16:26:20.697978,6,54
14,544,Delivery was late.,2024-07-07 16:26:20.697978,5,41
15,301,Pricing is too high.,2024-09-13 16:26:20.697978,6,2
16,325,Loved the features!,2024-09-23 16:26:20.697978,7,32
17,56,I am disappointed.,2024-08-25 16:26:20.697978,2,20
18,326,Had a terrible experience.,2024-08-18 16:26:20.697978,5,22
19,363,A great value for money.,2024-08-05 16:26:20.697978,7,32
20,488,I would not buy again.,2024-07-11 16:26:20.697978,8,104
21,432,The product exceeded my expectations.,2024-08-20 16:26:20.697978,7,9
22,238,Delivery was late.,2024-07-19 16:26:20.697978,1,78
23,511,Very user-friendly!,2024-07-05 16:26:20.697978,8,75
24,560,I would not buy again.,2024-07-13 16:26:20.697978,4,24
25,509,Delivery was late.,2024-07-17 16:26:20.697978,3,33
26,366,The product didn’t meet my expectations.,2024-07-29 16:26:20.697978,3,6
27,148,I would not buy again.,2024-07-06 16:26:20.697978,5,39
28,287,Satisfied with my purchase.,2024-08-08 16:26:20.697978,7,26
29,541,Pricing is too high.,2024-07-29 16:26:20.697978,6,101
30,27,Very user-friendly!,2024-07-10 16:26:20.697978,1,4
31,365,Quick and easy purchase process!,2024-08-03 16:26:20.697978,2,55
32,257,Support was helpful.,2024-09-15 16:26:20.697978,5,112
33,26,A great value for money.,2024-09-09 16:26:20.697978,5,43
34,92,Very user-friendly!,2024-07-31 16:26:20.697978,7,9
35,292,Usability is fantastic.,2024-09-10 16:26:20.697978,4,86
36,181,Satisfied with my purchase.,2024-07-18 16:26:20.697978,3,54
37,460,Could be improved.,2024-09-27 16:26:20.697978,8,53
38,168,Pricing is too high.,2024-09-18 16:26:20.697978,2,47
39,211,Product quality is excellent.,2024-07-12 16:26:20.697978,8,86
40,143,Great service!,2024-08-27 16:26:20.697978,1,20
41,361,Had a terrible experience.,2024-08-17 16:26:20.697978,1,104
42,153,Had a terrible experience.,2024-09-10 16:26:20.697978,5,52
43,522,Delivery was late.,2024-07-29 16:26:20.697978,2,101
44,140,I am disappointed.,2024-07-14 16:26:20.697978,2,114
45,581,Usability is fantastic.,2024-07-07 16:26:20.697978,7,53
46,79,Not happy with the product.,2024-09-04 16:26:20.697978,6,103
47,263,The product exceeded my expectations.,2024-09-18 16:26:20.697978,6,5
48,184,Product quality is excellent.,2024-08-17 16:26:20.697978,6,14
49,76,Quick and easy purchase process!,2024-08-03 16:26:20.697978,3,90
50,45,Pricing is too high.,2024-08-11 16:26:20.697978,7,15
51,411,Support was helpful.,2024-08-02 16:26:20.697978,2,105
52,327,Pricing is too high.,2024-09-09 16:26:20.697978,2,33
53,177,Great service!,2024-09-21 16:26:20.697978,3,106
54,112,Satisfied with my purchase.,2024-07-05 16:26:20.697978,3,3
55,427,Quick and easy purchase process!,2024-07-20 16:26:20.697978,8,56
56,328,Satisfied with my purchase.,2024-07-17 16:26:20.697978,4,48
57,218,Loved the features!,2024-09-17 16:26:20.697978,1,38
58,186,I am very satisfied!,2024-09-07 16:26:20.697978,8,8
59,510,Quick and easy purchase process!,2024-08-01 16:26:20.697978,3,33
60,125,I am very satisfied!,2024-09-06 16:26:20.697978,5,101
61,211,I would not buy again.,2024-07-21 16:26:20.697978,5,52
62,355,Delivery was late.,2024-08-21 16:26:20.697978,2,61
63,511,Very user-friendly!,2024-07-21 16:26:20.697978,8,58
64,346,Product quality is excellent.,2024-07-16 16:26:20.697978,4,2
65,107,Not happy with the product.,2024-09-09 16:26:20.697978,8,6
66,110,Usability is fantastic.,2024-09-24 16:26:20.697978,1,18
67,471,A great value for money.,2024-07-08 16:26:20.697978,5,70
68,337,Great service!,2024-09-14 16:26:20.697978,2,99
69,104,Excellent customer service!,2024-07-09 16:26:20.697978,2,23
70,274,Support was helpful.,2024-09-09 16:26:20.697978,2,112
71,564,I am very satisfied!,2024-08-30 16:26:20.697978,5,73
72,111,Very user-friendly!,2024-07-13 16:26:20.697978,4,66
73,164,Excellent customer service!,2024-08-30 16:26:20.697978,2,77
74,198,Will definitely recommend!,2024-09-04 16:26:20.697978,3,13
75,334,Delivery was late.,2024-08-12 16:26:20.697978,6,5
76,422,Satisfied with my purchase.,2024-07-12 16:26:20.697978,5,16
77,600,The product exceeded my expectations.,2024-08-08 16:26:20.697978,2,5
78,403,Loved the features!,2024-09-09 16:26:20.697978,7,105
79,330,Product quality is excellent.,2024-08-14 16:26:20.697978,4,33
80,349,Pricing is too high.,2024-07-05 16:26:20.697978,4,96
81,77,Loved the features!,2024-09-05 16:26:20.697978,8,24
82,12,I am very satisfied!,2024-09-21 16:26:20.697978,2,54
83,588,Product quality is excellent.,2024-08-29 16:26:20.697978,6,105
84,338,Had a terrible experience.,2024-08-17 16:26:20.697978,2,10
85,470,Not happy with the product.,2024-09-27 16:26:20.697978,4,85
86,471,A great value for money.,2024-09-17 16:26:20.697978,6,105
87,98,Had a terrible experience.,2024-09-13 16:26:20.697978,3,102
88,355,Could be improved.,2024-09-08 16:26:20.697978,8,24
89,343,Pricing is too high.,2024-08-20 16:26:20.697978,4,107
90,54,Had a terrible experience.,2024-09-25 16:26:20.697978,2,64
91,600,A great value for money.,2024-09-12 16:26:20.697978,3,18
92,419,I am very satisfied!,2024-08-13 16:26:20.697978,5,26
93,76,Pricing is too high.,2024-07-24 16:26:20.697978,7,58
94,443,Quick and easy purchase process!,2024-08-18 16:26:20.697978,3,8
95,67,Had a terrible experience.,2024-07-17 16:26:20.697978,7,110
96,93,Support was helpful.,2024-07-23 16:26:20.697978,5,25
97,157,Quick and easy purchase process!,2024-08-23 16:26:20.697978,3,55
98,245,Usability is fantastic.,2024-08-01 16:26:20.697978,5,100
99,350,Usability is fantastic.,2024-08-30 16:26:20.697978,3,23
100,403,Support was helpful.,2024-07-06 16:26:20.697978,7,64
101,486,Pricing is too high.,2024-08-23 16:26:20.697978,5,4
102,346,Usability is fantastic.,2024-07-29 16:26:20.697978,5,70
103,155,Satisfied with my purchase.,2024-07-12 16:26:20.697978,1,87
104,22,Delivery was late.,2024-07-24 16:26:20.697978,2,11
105,381,Usability is fantastic.,2024-09-30 16:26:20.697978,2,78
106,127,Support was helpful.,2024-07-08 16:26:20.697978,8,98
107,586,Product quality is excellent.,2024-08-09 16:26:20.697978,5,2
108,555,Usability is fantastic.,2024-09-22 16:26:20.697978,6,91
109,153,A great value for money.,2024-08-12 16:26:20.697978,1,35
110,496,Pricing is too high.,2024-09-19 16:26:20.697978,5,98
111,373,Product quality is excellent.,2024-07-07 16:26:20.697978,5,85
112,417,Usability is fantastic.,2024-09-13 16:26:20.697978,5,9
113,219,I would not buy again.,2024-07-25 16:26:20.697978,4,48
114,244,Quick and easy purchase process!,2024-08-25 16:26:20.697978,1,17
115,235,Had a terrible experience.,2024-09-15 16:26:20.697978,1,33
116,577,A great value for money.,2024-07-24 16:26:20.697978,1,76
117,401,Very user-friendly!,2024-09-20 16:26:20.697978,8,14
118,209,Quick and easy purchase process!,2024-07-24 16:26:20.697978,1,68
119,538,Very user-friendly!,2024-08-15 16:26:20.697978,8,105
120,525,Had a terrible experience.,2024-09-01 16:26:20.697978,4,30
121,170,Satisfied with my purchase.,2024-09-01 16:26:20.697978,4,45
122,302,Could be improved.,2024-08-30 16:26:20.697978,7,113
123,61,Great service!,2024-07-07 16:26:20.697978,2,24
124,442,The product exceeded my expectations.,2024-07-28 16:26:20.697978,6,90
125,224,Had a terrible experience.,2024-08-25 16:26:20.697978,7,57
126,68,Quick and easy purchase process!,2024-09-20 16:26:20.697978,3,87
127,279,Not happy with the product.,2024-08-22 16:26:20.697978,5,100
128,503,Product quality is excellent.,2024-09-05 16:26:20.697978,1,5
129,390,Usability is fantastic.,2024-09-22 16:26:20.697978,6,36
130,7,Not happy with the product.,2024-08-20 16:26:20.697978,6,40
131,72,Great service!,2024-07-04 16:26:20.697978,4,8
132,219,Great service!,2024-09-05 16:26:20.697978,3,44
133,236,Not happy with the product.,2024-09-05 16:26:20.697978,8,28
134,151,I would not buy again.,2024-07-29 16:26:20.697978,8,78
135,387,I am very satisfied!,2024-09-18 16:26:20.697978,5,47
136,142,Excellent customer service!,2024-09-01 16:26:20.697978,2,30
137,459,Excellent customer service!,2024-07-20 16:26:20.697978,1,76
138,472,Had a terrible experience.,2024-09-12 16:26:20.697978,6,76
139,52,Loved the features!,2024-08-05 16:26:20.697978,1,56
140,332,Delivery was late.,2024-07-12 16:26:20.697978,2,60
141,594,Product quality is excellent.,2024-07-05 16:26:20.697978,6,92
142,287,Could be improved.,2024-07-05 16:26:20.697978,5,110
143,473,A great value for money.,2024-09-17 16:26:20.697978,6,27
144,295,Product quality is excellent.,2024-07-08 16:26:20.697978,4,27
145,14,I am very satisfied!,2024-08-27 16:26:20.697978,5,83
146,410,Delivery was late.,2024-09-22 16:26:20.697978,3,84
147,353,Had a terrible experience.,2024-09-07 16:26:20.697978,3,45
148,65,Will definitely recommend!,2024-09-08 16:26:20.697978,5,69
149,16,Great service!,2024-07-10 16:26:20.697978,5,102
150,272,Pricing is too high.,2024-08-05 16:26:20.697978,7,33
151,274,Had a terrible experience.,2024-09-11 16:26:20.697978,1,104
152,337,The product exceeded my expectations.,2024-09-13 16:26:20.697978,4,51
153,129,Loved the features!,2024-09-12 16:26:20.697978,5,4
154,4,I would not buy again.,2024-07-17 16:26:20.697978,3,17
155,446,Not happy with the product.,2024-08-06 16:26:20.697978,2,27
156,123,The product exceeded my expectations.,2024-07-30 16:26:20.697978,6,110
157,494,Quick and easy purchase process!,2024-08-31 16:26:20.697978,1,105
158,348,Delivery was late.,2024-07-25 16:26:20.697978,2,58
159,404,Quick and easy purchase process!,2024-09-29 16:26:20.697978,1,98
160,309,The product exceeded my expectations.,2024-08-03 16:26:20.697978,6,91
161,396,The product exceeded my expectations.,2024-08-26 16:26:20.697978,3,8
162,178,Pricing is too high.,2024-08-08 16:26:20.697978,2,71
163,476,The product exceeded my expectations.,2024-08-26 16:26:20.697978,1,64
164,191,Very user-friendly!,2024-08-25 16:26:20.697978,2,15
165,493,Pricing is too high.,2024-09-08 16:26:20.697978,8,37
166,440,Support was helpful.,2024-07-12 16:26:20.697978,4,18
167,486,Pricing is too high.,2024-08-02 16:26:20.697978,3,57
168,337,The product exceeded my expectations.,2024-07-08 16:26:20.697978,4,61
169,133,The product didn’t meet my expectations.,2024-08-02 16:26:20.697978,1,23
170,321,Quick and easy purchase process!,2024-08-09 16:26:20.697978,5,94
171,82,Loved the features!,2024-07-06 16:26:20.697978,6,105
172,283,Usability is fantastic.,2024-08-24 16:26:20.697978,4,33
173,284,Excellent customer service!,2024-08-27 16:26:20.697978,5,74
174,389,I am disappointed.,2024-09-18 16:26:20.697978,4,64
175,474,Had a terrible experience.,2024-08-06 16:26:20.697978,2,89
176,171,Had a terrible experience.,2024-07-04 16:26:20.697978,7,80
177,314,Great service!,2024-09-02 16:26:20.697978,8,57
178,219,Will definitely recommend!,2024-08-21 16:26:20.697978,2,89
179,96,I am very satisfied!,2024-07-03 16:26:20.697978,1,68
180,2,I am disappointed.,2024-08-18 16:26:20.697978,3,31
181,49,I am disappointed.,2024-08-06 16:26:20.697978,5,8
182,190,I am very satisfied!,2024-09-05 16:26:20.697978,4,100
183,10,Product quality is excellent.,2024-09-19 16:26:20.697978,7,3
184,544,Loved the features!,2024-07-08 16:26:20.697978,4,83
185,258,The product didn’t meet my expectations.,2024-09-08 16:26:20.697978,4,53
186,507,Very user-friendly!,2024-07-04 16:26:20.697978,3,25
187,578,Quick and easy purchase process!,2024-08-06 16:26:20.697978,5,107
188,74,Very user-friendly!,2024-08-06 16:26:20.697978,8,46
189,241,Had a terrible experience.,2024-07-17 16:26:20.697978,1,18
190,365,Support was helpful.,2024-09-20 16:26:20.697978,4,22
191,417,Usability is fantastic.,2024-08-24 16:26:20.697978,5,38
192,311,Product quality is excellent.,2024-08-28 16:26:20.697978,7,22
193,111,Had a terrible experience.,2024-09-09 16:26:20.697978,2,29
194,106,Product quality is excellent.,2024-07-15 16:26:20.697978,6,28
195,436,Quick and easy purchase process!,2024-07-25 16:26:20.697978,4,45
196,166,Very user-friendly!,2024-08-23 16:26:20.697978,4,114
197,284,Delivery was late.,2024-09-02 16:26:20.697978,4,28
198,431,The product exceeded my expectations.,2024-07-05 16:26:20.697978,8,114
199,82,Very user-friendly!,2024-07-29 16:26:20.697978,6,26
200,537,A great value for money.,2024-09-17 16:26:20.697978,5,107
201,285,The product exceeded my expectations.,2024-07-30 16:26:20.697978,8,104
202,508,Satisfied with my purchase.,2024-09-04 16:26:20.697978,4,42
203,117,Great service!,2024-07-04 16:26:20.697978,3,61
204,402,A great value for money.,2024-08-19 16:26:20.697978,6,26
205,293,Product quality is excellent.,2024-09-10 16:26:20.697978,8,63
206,347,Could be improved.,2024-07-18 16:26:20.697978,3,108
207,112,Had a terrible experience.,2024-08-31 16:26:20.697978,5,75
208,217,Satisfied with my purchase.,2024-08-29 16:26:20.697978,1,79
209,155,Product quality is excellent.,2024-08-15 16:26:20.697978,6,113
210,568,Pricing is too high.,2024-09-10 16:26:20.697978,1,52
211,206,Support was helpful.,2024-07-15 16:26:20.697978,1,4
212,31,Pricing is too high.,2024-08-15 16:26:20.697978,7,93
213,365,Very user-friendly!,2024-08-19 16:26:20.697978,1,68
214,299,I would not buy again.,2024-09-04 16:26:20.697978,2,41
215,110,A great value for money.,2024-09-29 16:26:20.697978,7,35
216,318,The product exceeded my expectations.,2024-08-22 16:26:20.697978,6,13
217,406,A great value for money.,2024-07-11 16:26:20.697978,1,99
218,183,Product quality is excellent.,2024-09-25 16:26:20.697978,7,87
219,484,A great value for money.,2024-09-06 16:26:20.697978,1,29
220,473,A great value for money.,2024-07-14 16:26:20.697978,6,48
221,5,Delivery was late.,2024-08-13 16:26:20.697978,3,69
222,372,Delivery was late.,2024-08-04 16:26:20.697978,1,67
223,360,Very user-friendly!,2024-07-06 16:26:20.697978,6,51
224,18,Excellent customer service!,2024-08-16 16:26:20.697978,8,9
225,303,Not happy with the product.,2024-08-06 16:26:20.697978,1,51
226,367,Product quality is excellent.,2024-07-25 16:26:20.697978,5,93
227,191,Not happy with the product.,2024-09-04 16:26:20.697978,1,66
228,134,Very user-friendly!,2024-08-25 16:26:20.697978,5,8
229,86,Usability is fantastic.,2024-09-29 16:26:20.697978,8,24
230,439,Loved the features!,2024-09-17 16:26:20.697978,7,75
231,541,Excellent customer service!,2024-08-23 16:26:20.697978,5,107
232,313,Delivery was late.,2024-09-21 16:26:20.697978,7,100
233,461,Quick and easy purchase process!,2024-07-14 16:26:20.697978,7,95
234,152,Not happy with the product.,2024-09-09 16:26:20.697978,5,16
235,591,Very user-friendly!,2024-08-21 16:26:20.697978,7,2
236,536,The product exceeded my expectations.,2024-09-26 16:26:20.697978,6,58
237,248,Not happy with the product.,2024-07-26 16:26:20.697978,3,102
238,187,Could be improved.,2024-08-12 16:26:20.697978,5,102
239,481,I would not buy again.,2024-09-12 16:26:20.697978,5,52
240,542,Loved the features!,2024-07-15 16:26:20.697978,2,110
241,342,Great service!,2024-09-02 16:26:20.697978,8,70
242,404,Had a terrible experience.,2024-09-10 16:26:20.697978,1,105
243,530,I would not buy again.,2024-08-18 16:26:20.697978,7,88
244,119,Excellent customer service!,2024-08-02 16:26:20.697978,5,20
245,417,Could be improved.,2024-07-23 16:26:20.697978,5,9
246,98,I would not buy again.,2024-07-16 16:26:20.697978,7,28
247,435,The product didn’t meet my expectations.,2024-09-05 16:26:20.697978,7,14
248,127,Had a terrible experience.,2024-07-27 16:26:20.697978,2,60
249,180,Had a terrible experience.,2024-07-07 16:26:20.697978,8,34
250,462,Very user-friendly!,2024-09-19 16:26:20.697978,8,62
251,150,I am very satisfied!,2024-07-15 16:26:20.697978,1,99
252,415,Loved the features!,2024-09-16 16:26:20.697978,1,62
253,27,Will definitely recommend!,2024-07-26 16:26:20.697978,6,16
254,396,Will definitely recommend!,2024-07-16 16:26:20.697978,1,9
255,420,Will definitely recommend!,2024-09-15 16:26:20.697978,7,70
256,566,A great value for money.,2024-07-22 16:26:20.697978,5,50
257,388,Quick and easy purchase process!,2024-08-14 16:26:20.697978,5,67
258,526,Excellent customer service!,2024-07-14 16:26:20.697978,2,57
259,589,Excellent customer service!,2024-07-06 16:26:20.697978,7,32
260,367,Could be improved.,2024-09-22 16:26:20.697978,2,2
261,356,Usability is fantastic.,2024-09-15 16:26:20.697978,6,102
262,152,Loved the features!,2024-08-01 16:26:20.697978,2,104
263,202,Delivery was late.,2024-08-12 16:26:20.697978,1,9
264,473,Product quality is excellent.,2024-09-02 16:26:20.697978,5,8
265,541,Could be improved.,2024-09-26 16:26:20.697978,3,89
266,318,Usability is fantastic.,2024-07-28 16:26:20.697978,2,48
267,374,Quick and easy purchase process!,2024-08-10 16:26:20.697978,1,32
268,366,Could be improved.,2024-09-15 16:26:20.697978,5,54
269,402,Not happy with the product.,2024-08-09 16:26:20.697978,1,53
270,466,A great value for money.,2024-09-19 16:26:20.697978,8,90
271,180,Could be improved.,2024-08-07 16:26:20.697978,3,75
272,85,Product quality is excellent.,2024-08-22 16:26:20.697978,8,73
273,15,Could be improved.,2024-07-05 16:26:20.697978,6,16
274,477,Product quality is excellent.,2024-07-31 16:26:20.697978,5,49
275,8,Pricing is too high.,2024-08-23 16:26:20.697978,3,106
276,261,Loved the features!,2024-07-20 16:26:20.697978,3,76
277,141,Excellent customer service!,2024-09-03 16:26:20.697978,1,83
278,210,Very user-friendly!,2024-07-24 16:26:20.697978,3,89
279,180,Very user-friendly!,2024-09-02 16:26:20.697978,3,78
280,446,Quick and easy purchase process!,2024-07-09 16:26:20.697978,5,67
281,139,I would not buy again.,2024-08-21 16:26:20.697978,8,103
282,375,Usability is fantastic.,2024-07-17 16:26:20.697978,2,53
283,506,Not happy with the product.,2024-09-06 16:26:20.697978,7,66
284,126,Very user-friendly!,2024-07-07 16:26:20.697978,4,20
285,4,Had a terrible experience.,2024-07-12 16:26:20.697978,5,93
286,410,Will definitely recommend!,2024-08-20 16:26:20.697978,1,19
287,368,Support was helpful.,2024-08-19 16:26:20.697978,7,71
288,572,Support was helpful.,2024-09-19 16:26:20.697978,1,50
289,298,Satisfied with my purchase.,2024-09-30 16:26:20.697978,1,58
290,78,I am very satisfied!,2024-08-21 16:26:20.697978,3,95
291,593,Very user-friendly!,2024-08-21 16:26:20.697978,1,91
292,95,Will definitely recommend!,2024-08-05 16:26:20.697978,1,99
293,371,A great value for money.,2024-09-08 16:26:20.697978,2,26
294,498,I am disappointed.,2024-09-10 16:26:20.697978,1,8
295,418,Could be improved.,2024-08-30 16:26:20.697978,8,96
296,549,Will definitely recommend!,2024-07-03 16:26:20.697978,4,108
297,86,I am disappointed.,2024-07-21 16:26:20.697978,3,93
298,126,Pricing is too high.,2024-08-10 16:26:20.697978,4,93
299,66,Quick and easy purchase process!,2024-07-24 16:26:20.697978,8,43
300,569,Could be improved.,2024-07-16 16:26:20.697978,1,3
301,251,Very user-friendly!,2024-08-30 16:26:20.697978,7,57
302,249,Satisfied with my purchase.,2024-09-22 16:26:20.697978,6,15
303,460,I am disappointed.,2024-09-02 16:26:20.697978,5,112
304,145,Product quality is excellent.,2024-08-18 16:26:20.697978,4,38
305,584,The product didn’t meet my expectations.,2024-08-24 16:26:20.697978,4,54
306,335,Usability is fantastic.,2024-08-05 16:26:20.697978,8,21
307,421,I am very satisfied!,2024-07-22 16:26:20.697978,1,83
308,24,Satisfied with my purchase.,2024-08-09 16:26:20.697978,2,36
309,392,Not happy with the product.,2024-09-19 16:26:20.697978,1,59
310,418,Had a terrible experience.,2024-09-01 16:26:20.697978,4,93
311,269,I am very satisfied!,2024-08-09 16:26:20.697978,7,87
312,16,I am disappointed.,2024-07-11 16:26:20.697978,5,37
313,137,Very user-friendly!,2024-09-09 16:26:20.697978,6,20
314,256,The product exceeded my expectations.,2024-07-19 16:26:20.697978,7,11
315,185,I am very satisfied!,2024-09-11 16:26:20.697978,8,91
316,219,Not happy with the product.,2024-08-03 16:26:20.697978,4,85
317,266,Satisfied with my purchase.,2024-07-12 16:26:20.697978,4,41
318,244,Not happy with the product.,2024-07-17 16:26:20.697978,7,87
319,587,I am very satisfied!,2024-08-30 16:26:20.697978,8,19
320,79,The product didn’t meet my expectations.,2024-07-03 16:26:20.697978,4,74
321,556,I am very satisfied!,2024-09-28 16:26:20.697978,3,46
322,530,Delivery was late.,2024-09-16 16:26:20.697978,5,114
323,174,Usability is fantastic.,2024-09-12 16:26:20.697978,6,100
324,71,I would not buy again.,2024-08-16 16:26:20.697978,6,16
325,403,Great service!,2024-07-29 16:26:20.697978,2,54
326,174,The product didn’t meet my expectations.,2024-09-20 16:26:20.697978,4,82
327,576,I am disappointed.,2024-08-31 16:26:20.697978,5,18
328,214,Could be improved.,2024-08-15 16:26:20.697978,7,75
329,191,Quick and easy purchase process!,2024-08-04 16:26:20.697978,6,72
330,200,A great value for money.,2024-09-10 16:26:20.697978,8,73
331,416,Satisfied with my purchase.,2024-08-17 16:26:20.697978,5,105
332,455,Great service!,2024-07-18 16:26:20.697978,5,110
333,278,Loved the features!,2024-08-10 16:26:20.697978,8,89
334,209,Product quality is excellent.,2024-07-30 16:26:20.697978,7,65
335,455,I am disappointed.,2024-08-20 16:26:20.697978,4,57
336,554,Usability is fantastic.,2024-07-18 16:26:20.697978,6,66
337,137,Will definitely recommend!,2024-08-30 16:26:20.697978,1,114
338,193,The product exceeded my expectations.,2024-07-26 16:26:20.697978,4,4
339,415,Loved the features!,2024-07-31 16:26:20.697978,6,40
340,308,Quick and easy purchase process!,2024-09-15 16:26:20.697978,1,114
341,30,Satisfied with my purchase.,2024-07-14 16:26:20.697978,4,31
342,552,I am very satisfied!,2024-08-08 16:26:20.697978,4,65
343,261,Satisfied with my purchase.,2024-09-12 16:26:20.697978,6,108
344,79,Not happy with the product.,2024-09-05 16:26:20.697978,7,67
345,204,Excellent customer service!,2024-08-13 16:26:20.697978,2,45
346,397,Not happy with the product.,2024-09-11 16:26:20.697978,2,3
347,574,Quick and easy purchase process!,2024-09-28 16:26:20.697978,6,98
348,409,A great value for money.,2024-08-21 16:26:20.697978,1,12
349,509,Very user-friendly!,2024-07-27 16:26:20.697978,1,70
350,307,I would not buy again.,2024-08-05 16:26:20.697978,3,30
351,553,Loved the features!,2024-07-20 16:26:20.697978,8,65
352,19,Could be improved.,2024-08-06 16:26:20.697978,5,58
353,69,A great value for money.,2024-08-04 16:26:20.697978,6,75
354,168,Pricing is too high.,2024-07-07 16:26:20.697978,6,3
355,229,A great value for money.,2024-08-14 16:26:20.697978,3,34
356,290,Usability is fantastic.,2024-09-03 16:26:20.697978,4,32
357,104,Could be improved.,2024-09-21 16:26:20.697978,4,79
358,555,The product didn’t meet my expectations.,2024-07-16 16:26:20.697978,2,102
359,478,Pricing is too high.,2024-09-08 16:26:20.697978,4,1
360,506,Very user-friendly!,2024-09-22 16:26:20.697978,8,13
361,73,Support was helpful.,2024-09-25 16:26:20.697978,2,15
362,43,I am very satisfied!,2024-09-07 16:26:20.697978,2,13
363,428,I would not buy again.,2024-08-05 16:26:20.697978,7,109
364,211,I would not buy again.,2024-09-30 16:26:20.697978,5,48
365,250,Pricing is too high.,2024-07-27 16:26:20.697978,5,4
366,117,Product quality is excellent.,2024-07-10 16:26:20.697978,2,34
367,315,Excellent customer service!,2024-08-05 16:26:20.697978,7,2
368,426,Very user-friendly!,2024-07-24 16:26:20.697978,2,32
369,207,Could be improved.,2024-08-14 16:26:20.697978,5,57
370,253,Loved the features!,2024-08-31 16:26:20.697978,7,72
371,413,I am disappointed.,2024-09-08 16:26:20.697978,3,86
372,380,I am very satisfied!,2024-07-04 16:26:20.697978,1,44
373,266,Delivery was late.,2024-08-25 16:26:20.697978,1,62
374,100,Will definitely recommend!,2024-08-13 16:26:20.697978,2,12
375,370,Support was helpful.,2024-07-11 16:26:20.697978,5,16
376,555,Not happy with the product.,2024-08-13 16:26:20.697978,5,56
377,240,Delivery was late.,2024-08-20 16:26:20.697978,4,65
378,497,Delivery was late.,2024-08-31 16:26:20.697978,5,8
379,458,Usability is fantastic.,2024-07-29 16:26:20.697978,8,35
380,34,The product didn’t meet my expectations.,2024-08-18 16:26:20.697978,7,26
381,383,The product exceeded my expectations.,2024-09-30 16:26:20.697978,5,113
382,180,A great value for money.,2024-07-28 16:26:20.697978,1,105
383,262,Not happy with the product.,2024-09-04 16:26:20.697978,6,110
384,149,Had a terrible experience.,2024-07-19 16:26:20.697978,2,62
385,544,Very user-friendly!,2024-08-11 16:26:20.697978,7,27
386,476,Support was helpful.,2024-09-19 16:26:20.697978,4,45
387,116,Had a terrible experience.,2024-07-19 16:26:20.697978,7,61
388,445,Loved the features!,2024-07-20 16:26:20.697978,4,109
389,303,Not happy with the product.,2024-09-11 16:26:20.697978,6,44
390,510,Will definitely recommend!,2024-09-02 16:26:20.697978,5,43
391,184,Very user-friendly!,2024-07-10 16:26:20.697978,5,48
392,545,Loved the features!,2024-07-09 16:26:20.697978,4,12
393,534,Great service!,2024-07-04 16:26:20.697978,2,23
394,419,Delivery was late.,2024-07-08 16:26:20.697978,3,11
395,66,Very user-friendly!,2024-08-21 16:26:20.697978,6,89
396,453,I would not buy again.,2024-09-01 16:26:20.697978,2,63
397,537,Quick and easy purchase process!,2024-07-20 16:26:20.697978,8,64
398,285,Usability is fantastic.,2024-08-28 16:26:20.697978,8,105
399,8,Not happy with the product.,2024-09-29 16:26:20.697978,3,7
400,456,The product exceeded my expectations.,2024-08-23 16:26:20.697978,6,79
401,155,The product exceeded my expectations.,2024-08-03 16:26:20.697978,1,24
402,528,Product quality is excellent.,2024-09-07 16:26:20.697978,3,7
403,582,Excellent customer service!,2024-08-21 16:26:20.697978,7,80
404,588,Pricing is too high.,2024-09-03 16:26:20.697978,1,57
405,392,The product exceeded my expectations.,2024-07-29 16:26:20.697978,3,15
406,522,Pricing is too high.,2024-08-05 16:26:20.697978,4,110
407,295,Product quality is excellent.,2024-08-08 16:26:20.697978,5,22
408,13,Loved the features!,2024-09-23 16:26:20.697978,8,49
409,189,Quick and easy purchase process!,2024-07-05 16:26:20.697978,4,99
410,191,Product quality is excellent.,2024-08-10 16:26:20.697978,6,65
411,277,Support was helpful.,2024-08-25 16:26:20.697978,3,63
412,539,I would not buy again.,2024-08-02 16:26:20.697978,4,64
413,396,Very user-friendly!,2024-08-27 16:26:20.697978,4,14
414,333,Excellent customer service!,2024-07-19 16:26:20.697978,3,6
415,403,Delivery was late.,2024-08-23 16:26:20.697978,2,36
416,535,The product exceeded my expectations.,2024-07-28 16:26:20.697978,2,80
417,480,Great service!,2024-08-16 16:26:20.697978,1,42
418,136,Usability is fantastic.,2024-09-19 16:26:20.697978,2,95
419,350,Delivery was late.,2024-07-16 16:26:20.697978,6,110
420,530,The product exceeded my expectations.,2024-09-12 16:26:20.697978,2,63
421,415,Could be improved.,2024-09-12 16:26:20.697978,3,61
422,174,Loved the features!,2024-08-06 16:26:20.697978,7,93
423,279,Excellent customer service!,2024-08-26 16:26:20.697978,2,73
424,26,I am disappointed.,2024-08-23 16:26:20.697978,3,5
425,575,A great value for money.,2024-08-03 16:26:20.697978,4,27
426,101,Quick and easy purchase process!,2024-08-31 16:26:20.697978,4,27
427,124,Pricing is too high.,2024-08-27 16:26:20.697978,4,99
428,93,Delivery was late.,2024-09-11 16:26:20.697978,8,63
429,214,Usability is fantastic.,2024-07-18 16:26:20.697978,1,104
430,542,A great value for money.,2024-07-20 16:26:20.697978,5,113
431,494,A great value for money.,2024-09-12 16:26:20.697978,5,40
432,537,Support was helpful.,2024-09-15 16:26:20.697978,6,34
433,524,Quick and easy purchase process!,2024-07-23 16:26:20.697978,8,109
434,39,Support was helpful.,2024-08-20 16:26:20.698975,3,85
435,587,The product didn’t meet my expectations.,2024-08-26 16:26:20.698975,4,72
436,508,Could be improved.,2024-08-12 16:26:20.698975,3,7
437,160,Excellent customer service!,2024-08-20 16:26:20.698975,8,78
438,510,I am very satisfied!,2024-07-31 16:26:20.698975,5,91
439,429,A great value for money.,2024-08-22 16:26:20.698975,6,49
440,101,I am very satisfied!,2024-09-19 16:26:20.698975,2,35
441,591,I am disappointed.,2024-09-22 16:26:20.698975,5,54
442,394,Had a terrible experience.,2024-07-19 16:26:20.698975,4,46
443,94,The product didn’t meet my expectations.,2024-08-12 16:26:20.698975,2,84
444,310,Excellent customer service!,2024-09-13 16:26:20.698975,4,82
445,63,The product exceeded my expectations.,2024-07-18 16:26:20.698975,3,77
446,366,The product didn’t meet my expectations.,2024-09-24 16:26:20.698975,4,46
447,412,Great service!,2024-09-28 16:26:20.698975,3,43
448,260,Pricing is too high.,2024-09-18 16:26:20.698975,7,86
449,312,Satisfied with my purchase.,2024-08-26 16:26:20.698975,8,47
450,103,Loved the features!,2024-08-28 16:26:20.698975,3,36
451,419,I would not buy again.,2024-08-02 16:26:20.698975,7,36
452,144,Had a terrible experience.,2024-09-17 16:26:20.698975,4,68
453,591,The product didn’t meet my expectations.,2024-08-09 16:26:20.698975,2,39
454,185,Usability is fantastic.,2024-08-29 16:26:20.698975,7,55
455,563,Delivery was late.,2024-07-11 16:26:20.698975,1,41
456,329,Had a terrible experience.,2024-08-18 16:26:20.698975,6,6
457,442,Not happy with the product.,2024-07-09 16:26:20.698975,2,68
458,457,I am disappointed.,2024-08-31 16:26:20.698975,1,109
459,358,Usability is fantastic.,2024-09-05 16:26:20.698975,5,24
460,178,Will definitely recommend!,2024-09-30 16:26:20.698975,3,91
461,562,Support was helpful.,2024-08-19 16:26:20.698975,7,41
462,464,Had a terrible experience.,2024-09-24 16:26:20.698975,5,109
463,554,Usability is fantastic.,2024-07-08 16:26:20.698975,3,24
464,544,Will definitely recommend!,2024-07-20 16:26:20.698975,1,62
465,349,Support was helpful.,2024-07-05 16:26:20.698975,1,43
466,464,Product quality is excellent.,2024-09-11 16:26:20.698975,6,35
467,420,Great service!,2024-07-10 16:26:20.698975,5,19
468,549,Great service!,2024-08-22 16:26:20.698975,7,111
469,260,Product quality is excellent.,2024-08-20 16:26:20.698975,5,56
470,253,The product exceeded my expectations.,2024-08-10 16:26:20.698975,4,66
471,74,Satisfied with my purchase.,2024-08-08 16:26:20.698975,5,39
472,353,Could be improved.,2024-09-14 16:26:20.698975,7,54
473,40,I would not buy again.,2024-09-11 16:26:20.698975,1,89
474,63,Delivery was late.,2024-09-04 16:26:20.698975,3,79
475,163,Satisfied with my purchase.,2024-09-21 16:26:20.698975,4,76
476,37,Had a terrible experience.,2024-07-27 16:26:20.698975,6,74
477,103,Will definitely recommend!,2024-07-12 16:26:20.698975,3,17
478,328,The product didn’t meet my expectations.,2024-08-04 16:26:20.698975,6,42
479,165,Great service!,2024-09-02 16:26:20.698975,6,7
480,157,Delivery was late.,2024-07-15 16:26:20.698975,8,27
481,428,Product quality is excellent.,2024-07-23 16:26:20.698975,2,70
482,360,Will definitely recommend!,2024-08-15 16:26:20.698975,1,67
483,561,Very user-friendly!,2024-08-10 16:26:20.698975,8,31
484,286,Could be improved.,2024-09-21 16:26:20.698975,3,15
485,462,Will definitely recommend!,2024-08-21 16:26:20.698975,2,50
486,582,I am disappointed.,2024-09-12 16:26:20.698975,2,104
487,398,Usability is fantastic.,2024-08-19 16:26:20.698975,2,46
488,266,Had a terrible experience.,2024-08-06 16:26:20.698975,7,102
489,264,Excellent customer service!,2024-07-29 16:26:20.698975,1,91
490,225,Delivery was late.,2024-09-01 16:26:20.698975,7,87
491,589,I would not buy again.,2024-08-22 16:26:20.698975,3,18
492,105,Product quality is excellent.,2024-09-29 16:26:20.698975,4,45
493,571,Support was helpful.,2024-09-29 16:26:20.698975,3,89
494,5,Had a terrible experience.,2024-09-27 16:26:20.698975,3,33
495,184,Satisfied with my purchase.,2024-07-13 16:26:20.698975,3,51
496,94,Will definitely recommend!,2024-09-14 16:26:20.698975,5,46
497,367,I am disappointed.,2024-07-15 16:26:20.698975,8,21
498,419,The product exceeded my expectations.,2024-08-07 16:26:20.698975,4,77
499,480,Loved the features!,2024-09-07 16:26:20.698975,4,17
500,35,The product exceeded my expectations.,2024-08-05 16:26:20.698975,1,12
501,339,Satisfied with my purchase.,2024-07-06 16:26:20.698975,4,66
502,103,Not happy with the product.,2024-09-20 16:26:20.698975,5,1
503,290,Loved the features!,2024-08-29 16:26:20.698975,3,99
504,45,The product exceeded my expectations.,2024-08-30 16:26:20.698975,2,89
505,566,I am disappointed.,2024-08-19 16:26:20.698975,7,73
506,527,The product exceeded my expectations.,2024-08-23 16:26:20.698975,8,11
507,123,Great service!,2024-08-13 16:26:20.698975,8,72
508,44,I am disappointed.,2024-07-29 16:26:20.698975,6,10
509,478,The product exceeded my expectations.,2024-07-10 16:26:20.698975,8,99
510,550,Will definitely recommend!,2024-07-30 16:26:20.698975,3,46
511,483,I am disappointed.,2024-08-16 16:26:20.698975,3,93
512,383,Not happy with the product.,2024-08-20 16:26:20.698975,4,41
513,79,Had a terrible experience.,2024-07-03 16:26:20.698975,2,63
514,538,Great service!,2024-08-08 16:26:20.698975,7,105
515,340,Support was helpful.,2024-08-08 16:26:20.698975,6,2
516,352,Quick and easy purchase process!,2024-08-10 16:26:20.698975,4,18
517,565,I am disappointed.,2024-07-07 16:26:20.698975,7,70
518,140,Delivery was late.,2024-07-30 16:26:20.698975,6,82
519,350,Pricing is too high.,2024-09-30 16:26:20.698975,5,67
520,412,Loved the features!,2024-08-29 16:26:20.698975,3,27
521,383,Quick and easy purchase process!,2024-09-22 16:26:20.698975,7,3
522,7,Excellent customer service!,2024-07-14 16:26:20.698975,6,15
523,340,The product didn’t meet my expectations.,2024-09-27 16:26:20.698975,3,59
524,274,Could be improved.,2024-07-17 16:26:20.698975,4,95
525,107,Not happy with the product.,2024-08-22 16:26:20.698975,3,14
526,395,Not happy with the product.,2024-09-24 16:26:20.698975,3,78
527,21,Will definitely recommend!,2024-08-15 16:26:20.698975,4,87
528,439,Loved the features!,2024-08-11 16:26:20.698975,2,38
529,14,Quick and easy purchase process!,2024-07-28 16:26:20.698975,5,109
530,475,Satisfied with my purchase.,2024-08-12 16:26:20.698975,4,53
531,287,Pricing is too high.,2024-08-07 16:26:20.698975,1,4
532,120,I would not buy again.,2024-08-25 16:26:20.698975,7,68
533,246,Satisfied with my purchase.,2024-07-28 16:26:20.698975,4,81
534,338,Will definitely recommend!,2024-08-30 16:26:20.698975,5,71
535,340,Not happy with the product.,2024-07-25 16:26:20.698975,6,27
536,171,Product quality is excellent.,2024-09-25 16:26:20.698975,4,89
537,372,Had a terrible experience.,2024-08-06 16:26:20.698975,3,39
538,95,Very user-friendly!,2024-09-14 16:26:20.698975,3,12
539,466,Delivery was late.,2024-08-05 16:26:20.698975,8,22
540,578,I am very satisfied!,2024-08-23 16:26:20.698975,1,12
541,377,The product didn’t meet my expectations.,2024-07-30 16:26:20.698975,2,79
542,130,Product quality is excellent.,2024-08-18 16:26:20.698975,5,26
543,129,Loved the features!,2024-07-26 16:26:20.698975,6,51
544,438,Loved the features!,2024-09-07 16:26:20.698975,8,2
545,511,I am very satisfied!,2024-08-21 16:26:20.698975,5,79
546,463,I am very satisfied!,2024-09-27 16:26:20.698975,2,68
547,596,Pricing is too high.,2024-09-16 16:26:20.698975,2,68
548,29,Delivery was late.,2024-07-16 16:26:20.698975,1,62
549,286,Usability is fantastic.,2024-09-18 16:26:20.698975,8,43
550,301,The product didn’t meet my expectations.,2024-07-26 16:26:20.698975,3,43
551,571,Support was helpful.,2024-09-17 16:26:20.698975,8,40
552,213,Pricing is too high.,2024-09-27 16:26:20.698975,2,94
553,119,Delivery was late.,2024-08-07 16:26:20.698975,8,101
554,205,A great value for money.,2024-09-18 16:26:20.698975,1,66
555,228,Quick and easy purchase process!,2024-07-30 16:26:20.698975,6,56
556,491,I would not buy again.,2024-07-14 16:26:20.698975,1,84
557,342,The product didn’t meet my expectations.,2024-08-13 16:26:20.698975,6,58
558,11,Product quality is excellent.,2024-09-26 16:26:20.698975,4,31
559,62,Very user-friendly!,2024-08-17 16:26:20.698975,2,22
560,596,The product exceeded my expectations.,2024-07-06 16:26:20.698975,8,5
561,224,I am very satisfied!,2024-08-08 16:26:20.698975,3,8
562,578,I am disappointed.,2024-07-04 16:26:20.698975,6,28
563,537,Satisfied with my purchase.,2024-09-07 16:26:20.698975,5,87
564,595,Pricing is too high.,2024-07-10 16:26:20.698975,7,65
565,394,Satisfied with my purchase.,2024-09-11 16:26:20.698975,3,73
566,87,Usability is fantastic.,2024-08-26 16:26:20.698975,1,69
567,388,Usability is fantastic.,2024-09-04 16:26:20.698975,8,86
568,12,Excellent customer service!,2024-08-30 16:26:20.698975,8,86
569,272,Support was helpful.,2024-09-16 16:26:20.698975,7,22
570,257,Usability is fantastic.,2024-07-20 16:26:20.698975,8,99
571,369,Product quality is excellent.,2024-07-10 16:26:20.698975,4,42
572,382,A great value for money.,2024-07-10 16:26:20.698975,1,92
573,142,Very user-friendly!,2024-07-19 16:26:20.698975,6,73
574,434,Not happy with the product.,2024-08-03 16:26:20.698975,8,10
575,259,Could be improved.,2024-07-03 16:26:20.698975,1,66
576,513,Will definitely recommend!,2024-08-30 16:26:20.698975,2,63
577,311,Pricing is too high.,2024-07-20 16:26:20.698975,4,109
578,385,Very user-friendly!,2024-09-30 16:26:20.698975,8,108
579,183,Delivery was late.,2024-07-22 16:26:20.698975,8,30
580,213,A great value for money.,2024-09-25 16:26:20.698975,8,49
581,343,Product quality is excellent.,2024-07-06 16:26:20.698975,7,30
582,255,Could be improved.,2024-07-15 16:26:20.698975,1,19
583,370,Delivery was late.,2024-07-29 16:26:20.698975,3,39
584,361,I am disappointed.,2024-08-28 16:26:20.698975,5,23
585,95,Delivery was late.,2024-09-14 16:26:20.698975,3,4
586,202,A great value for money.,2024-07-31 16:26:20.698975,6,88
587,177,Great service!,2024-08-01 16:26:20.698975,5,95
588,392,Product quality is excellent.,2024-07-03 16:26:20.698975,3,35
589,546,Had a terrible experience.,2024-08-05 16:26:20.698975,3,64
590,388,Quick and easy purchase process!,2024-09-06 16:26:20.698975,8,87
591,181,Delivery was late.,2024-07-07 16:26:20.698975,4,9
592,314,Pricing is too high.,2024-08-14 16:26:20.698975,8,66
593,191,Excellent customer service!,2024-07-04 16:26:20.698975,2,55
594,263,The product exceeded my expectations.,2024-07-06 16:26:20.698975,2,55
595,87,The product didn’t meet my expectations.,2024-08-28 16:26:20.698975,1,92
596,301,Satisfied with my purchase.,2024-08-10 16:26:20.698975,3,54
597,569,Satisfied with my purchase.,2024-09-04 16:26:20.698975,2,57
598,19,Support was helpful.,2024-08-14 16:26:20.698975,6,89
599,265,Loved the features!,2024-09-26 16:26:20.698975,7,76
600,122,Satisfied with my purchase.,2024-09-09 16:26:20.698975,6,106
601,590,Product quality is excellent.,2024-07-21 16:26:20.698975,6,90
602,121,Loved the features!,2024-07-14 16:26:20.698975,2,63
603,583,Could be improved.,2024-08-11 16:26:20.698975,3,16
604,565,Loved the features!,2024-07-18 16:26:20.698975,5,26
605,30,A great value for money.,2024-09-20 16:26:20.698975,3,3
606,588,Product quality is excellent.,2024-09-03 16:26:20.698975,8,7
607,34,Pricing is too high.,2024-08-23 16:26:20.698975,6,45
608,44,The product didn’t meet my expectations.,2024-09-15 16:26:20.698975,7,98
609,594,Loved the features!,2024-08-01 16:26:20.698975,3,70
610,187,Delivery was late.,2024-07-12 16:26:20.698975,1,9
611,552,The product didn’t meet my expectations.,2024-07-26 16:26:20.698975,5,110
612,20,Delivery was late.,2024-07-03 16:26:20.698975,7,50
613,3,Had a terrible experience.,2024-08-17 16:26:20.698975,6,113
614,379,Product quality is excellent.,2024-07-05 16:26:20.698975,8,95
615,559,I am very satisfied!,2024-07-28 16:26:20.698975,6,59
616,404,Not happy with the product.,2024-07-08 16:26:20.698975,5,64
617,53,Satisfied with my purchase.,2024-09-09 16:26:20.698975,5,74
618,65,Quick and easy purchase process!,2024-09-16 16:26:20.698975,5,79
619,302,I would not buy again.,2024-08-12 16:26:20.698975,6,96
620,486,Quick and easy purchase process!,2024-07-18 16:26:20.698975,1,44
621,167,The product didn’t meet my expectations.,2024-09-24 16:26:20.698975,2,20
622,232,I would not buy again.,2024-08-03 16:26:20.698975,1,97
623,417,Great service!,2024-07-18 16:26:20.698975,1,3
624,162,Great service!,2024-07-20 16:26:20.698975,4,105
625,200,Excellent customer service!,2024-09-04 16:26:20.698975,6,27
626,158,Delivery was late.,2024-07-22 16:26:20.698975,3,59
627,584,Delivery was late.,2024-08-15 16:26:20.698975,5,40
628,533,The product didn’t meet my expectations.,2024-09-12 16:26:20.698975,8,63
629,111,Will definitely recommend!,2024-07-03 16:26:20.698975,1,6
630,378,Delivery was late.,2024-08-18 16:26:20.698975,4,31
631,409,Excellent customer service!,2024-07-22 16:26:20.698975,5,103
632,151,Excellent customer service!,2024-07-30 16:26:20.698975,3,17
633,152,Will definitely recommend!,2024-09-11 16:26:20.698975,7,88
634,296,Delivery was late.,2024-09-05 16:26:20.698975,4,29
635,88,Support was helpful.,2024-09-23 16:26:20.698975,5,108
636,25,I am disappointed.,2024-09-15 16:26:20.698975,4,41
637,126,I would not buy again.,2024-07-13 16:26:20.698975,6,70
638,556,Will definitely recommend!,2024-09-17 16:26:20.698975,7,60
639,478,Support was helpful.,2024-08-02 16:26:20.698975,8,12
640,577,Loved the features!,2024-08-23 16:26:20.698975,7,80
641,274,Excellent customer service!,2024-08-19 16:26:20.698975,5,102
642,468,Excellent customer service!,2024-09-27 16:26:20.698975,4,48
643,313,Pricing is too high.,2024-08-13 16:26:20.698975,7,84
644,163,Very user-friendly!,2024-07-31 16:26:20.698975,8,85
645,113,I am disappointed.,2024-08-10 16:26:20.698975,5,7
646,314,The product exceeded my expectations.,2024-09-24 16:26:20.698975,2,45
647,161,Pricing is too high.,2024-07-11 16:26:20.698975,6,74
648,41,Delivery was late.,2024-09-16 16:26:20.698975,4,91
649,227,Great service!,2024-08-12 16:26:20.698975,5,56
650,418,Pricing is too high.,2024-08-31 16:26:20.698975,6,8
651,32,I am disappointed.,2024-09-16 16:26:20.698975,8,38
652,176,The product exceeded my expectations.,2024-08-03 16:26:20.698975,1,108
653,300,I would not buy again.,2024-08-05 16:26:20.698975,1,109
654,505,Support was helpful.,2024-07-14 16:26:20.698975,2,87
655,13,Satisfied with my purchase.,2024-08-27 16:26:20.698975,5,11
656,125,Pricing is too high.,2024-08-24 16:26:20.698975,6,72
657,236,Not happy with the product.,2024-07-11 16:26:20.698975,1,12
658,95,Great service!,2024-07-25 16:26:20.698975,1,74
659,388,Could be improved.,2024-08-24 16:26:20.698975,1,97
660,318,Usability is fantastic.,2024-09-19 16:26:20.698975,7,28
661,219,Excellent customer service!,2024-08-15 16:26:20.698975,7,43
662,294,Quick and easy purchase process!,2024-07-26 16:26:20.698975,4,101
663,68,I am disappointed.,2024-08-05 16:26:20.698975,8,28
664,42,Delivery was late.,2024-07-05 16:26:20.698975,2,23
665,458,Pricing is too high.,2024-08-24 16:26:20.698975,6,94
666,266,The product didn’t meet my expectations.,2024-09-02 16:26:20.698975,1,36
667,104,Could be improved.,2024-07-23 16:26:20.698975,3,27
668,223,Could be improved.,2024-09-14 16:26:20.698975,1,15
669,79,The product didn’t meet my expectations.,2024-08-17 16:26:20.698975,4,10
670,500,Had a terrible experience.,2024-08-11 16:26:20.698975,1,110
671,528,Product quality is excellent.,2024-08-20 16:26:20.698975,1,26
672,393,Quick and easy purchase process!,2024-07-21 16:26:20.698975,6,31
673,524,Quick and easy purchase process!,2024-09-02 16:26:20.698975,7,110
674,281,Usability is fantastic.,2024-09-17 16:26:20.698975,5,11
675,320,Had a terrible experience.,2024-08-15 16:26:20.698975,7,74
676,106,Delivery was late.,2024-09-21 16:26:20.698975,7,29
677,351,Will definitely recommend!,2024-08-28 16:26:20.698975,1,41
678,450,I would not buy again.,2024-09-10 16:26:20.698975,7,67
679,476,Great service!,2024-07-21 16:26:20.698975,8,27
680,63,I am disappointed.,2024-08-14 16:26:20.698975,5,108
681,548,A great value for money.,2024-09-22 16:26:20.698975,3,90
682,178,Loved the features!,2024-09-06 16:26:20.698975,8,46
683,237,Satisfied with my purchase.,2024-07-14 16:26:20.698975,4,64
684,121,Satisfied with my purchase.,2024-08-03 16:26:20.698975,2,113
685,351,I would not buy again.,2024-09-12 16:26:20.698975,5,67
686,220,Support was helpful.,2024-07-07 16:26:20.698975,7,76
687,71,The product didn’t meet my expectations.,2024-08-06 16:26:20.698975,3,46
688,312,Support was helpful.,2024-07-31 16:26:20.698975,1,81
689,274,Product quality is excellent.,2024-08-11 16:26:20.698975,6,81
690,272,I am disappointed.,2024-07-05 16:26:20.698975,2,78
691,187,Usability is fantastic.,2024-09-12 16:26:20.698975,5,16
692,394,Loved the features!,2024-09-02 16:26:20.698975,2,66
693,38,Product quality is excellent.,2024-09-03 16:26:20.698975,5,60
694,456,Not happy with the product.,2024-08-21 16:26:20.698975,2,7
695,67,A great value for money.,2024-07-23 16:26:20.698975,6,7
696,317,Support was helpful.,2024-08-27 16:26:20.698975,6,113
697,112,The product exceeded my expectations.,2024-07-05 16:26:20.698975,6,58
698,166,The product didn’t meet my expectations.,2024-08-24 16:26:20.698975,5,30
699,472,Excellent customer service!,2024-08-03 16:26:20.698975,1,37
700,256,Great service!,2024-08-13 16:26:20.698975,6,31
701,82,Quick and easy purchase process!,2024-09-12 16:26:20.698975,1,2
702,596,Very user-friendly!,2024-07-22 16:26:20.698975,6,104
703,435,Delivery was late.,2024-09-30 16:26:20.698975,4,80
704,303,Satisfied with my purchase.,2024-07-09 16:26:20.698975,6,105
705,431,I am disappointed.,2024-09-02 16:26:20.698975,8,44
706,418,Not happy with the product.,2024-08-30 16:26:20.698975,1,45
707,390,Very user-friendly!,2024-08-02 16:26:20.698975,5,41
708,509,Could be improved.,2024-09-03 16:26:20.698975,7,32
709,77,Satisfied with my purchase.,2024-07-16 16:26:20.698975,8,73
710,224,Had a terrible experience.,2024-07-30 16:26:20.698975,2,65
711,559,Loved the features!,2024-08-19 16:26:20.698975,5,24
712,590,Loved the features!,2024-07-23 16:26:20.698975,7,6
713,34,Delivery was late.,2024-09-08 16:26:20.698975,7,7
714,344,Had a terrible experience.,2024-07-12 16:26:20.698975,8,69
715,219,Excellent customer service!,2024-09-18 16:26:20.698975,4,110
716,342,Delivery was late.,2024-09-25 16:26:20.698975,1,2
717,431,Product quality is excellent.,2024-07-26 16:26:20.698975,2,29
718,305,I would not buy again.,2024-07-05 16:26:20.698975,4,29
719,319,Loved the features!,2024-07-31 16:26:20.698975,7,3
720,93,Satisfied with my purchase.,2024-07-09 16:26:20.698975,2,105
721,135,Loved the features!,2024-09-06 16:26:20.698975,1,22
722,38,Great service!,2024-09-17 16:26:20.698975,4,114
723,150,I would not buy again.,2024-07-17 16:26:20.698975,7,99
724,546,Will definitely recommend!,2024-08-08 16:26:20.698975,2,104
725,205,Will definitely recommend!,2024-07-26 16:26:20.698975,8,74
726,511,Had a terrible experience.,2024-08-31 16:26:20.698975,4,18
727,123,Satisfied with my purchase.,2024-08-23 16:26:20.698975,7,17
728,329,Loved the features!,2024-07-11 16:26:20.698975,4,22
729,152,Quick and easy purchase process!,2024-07-18 16:26:20.698975,2,63
730,154,Very user-friendly!,2024-09-04 16:26:20.698975,8,91
731,548,Satisfied with my purchase.,2024-07-15 16:26:20.698975,1,108
732,185,Delivery was late.,2024-08-12 16:26:20.698975,6,112
733,59,Product quality is excellent.,2024-09-13 16:26:20.698975,8,15
734,122,Excellent customer service!,2024-09-14 16:26:20.698975,2,30
735,291,Support was helpful.,2024-08-13 16:26:20.698975,1,110
736,333,Will definitely recommend!,2024-09-19 16:26:20.698975,4,41
737,161,Quick and easy purchase process!,2024-07-27 16:26:20.698975,6,5
738,94,A great value for money.,2024-07-27 16:26:20.698975,3,78
739,155,Excellent customer service!,2024-09-11 16:26:20.698975,6,55
740,552,Usability is fantastic.,2024-09-06 16:26:20.698975,1,99
741,261,I am disappointed.,2024-07-09 16:26:20.698975,4,87
742,55,Pricing is too high.,2024-09-05 16:26:20.698975,3,59
743,433,Not happy with the product.,2024-08-18 16:26:20.698975,3,36
744,566,The product didn’t meet my expectations.,2024-07-29 16:26:20.698975,5,94
745,212,A great value for money.,2024-08-22 16:26:20.698975,3,71
746,438,Quick and easy purchase process!,2024-08-22 16:26:20.698975,5,77
747,116,I am disappointed.,2024-09-14 16:26:20.698975,6,110
748,528,Very user-friendly!,2024-08-04 16:26:20.698975,7,107
749,201,Product quality is excellent.,2024-07-03 16:26:20.698975,7,72
750,487,The product didn’t meet my expectations.,2024-08-05 16:26:20.698975,7,76
751,404,Quick and easy purchase process!,2024-09-30 16:26:20.698975,3,60
752,589,Had a terrible experience.,2024-09-25 16:26:20.698975,4,21
753,543,The product exceeded my expectations.,2024-08-08 16:26:20.698975,5,23
754,10,Will definitely recommend!,2024-09-21 16:26:20.698975,8,96
755,37,Quick and easy purchase process!,2024-07-23 16:26:20.698975,2,9
756,192,Will definitely recommend!,2024-07-12 16:26:20.698975,6,72
757,13,The product exceeded my expectations.,2024-08-26 16:26:20.698975,7,25
758,310,Had a terrible experience.,2024-07-18 16:26:20.698975,5,99
759,76,I would not buy again.,2024-07-11 16:26:20.698975,5,110
760,196,Delivery was late.,2024-07-15 16:26:20.698975,3,2
761,200,The product didn’t meet my expectations.,2024-08-05 16:26:20.698975,6,82
762,335,I am very satisfied!,2024-07-05 16:26:20.698975,5,18
763,556,Satisfied with my purchase.,2024-08-13 16:26:20.698975,2,64
764,392,Excellent customer service!,2024-08-27 16:26:20.698975,7,46
765,38,Loved the features!,2024-09-11 16:26:20.698975,5,12
766,297,I am very satisfied!,2024-08-19 16:26:20.698975,1,2
767,473,Excellent customer service!,2024-07-28 16:26:20.698975,5,4
768,195,The product exceeded my expectations.,2024-07-18 16:26:20.698975,2,65
769,501,Had a terrible experience.,2024-07-21 16:26:20.698975,5,11
770,540,Had a terrible experience.,2024-08-19 16:26:20.698975,7,20
771,301,I am disappointed.,2024-08-29 16:26:20.698975,4,35
772,330,I am very satisfied!,2024-07-27 16:26:20.698975,7,98
773,368,I am very satisfied!,2024-08-01 16:26:20.698975,6,30
774,156,Support was helpful.,2024-07-08 16:26:20.698975,6,22
775,548,Usability is fantastic.,2024-07-30 16:26:20.698975,7,49
776,103,Pricing is too high.,2024-08-04 16:26:20.698975,8,103
777,224,Very user-friendly!,2024-08-19 16:26:20.698975,3,24
778,554,Very user-friendly!,2024-08-19 16:26:20.698975,6,13
779,277,Will definitely recommend!,2024-08-13 16:26:20.698975,5,93
780,391,I am very satisfied!,2024-08-05 16:26:20.698975,6,21
781,45,Had a terrible experience.,2024-07-13 16:26:20.698975,2,88
782,234,Very user-friendly!,2024-08-07 16:26:20.698975,1,33
783,581,Loved the features!,2024-09-08 16:26:20.698975,4,17
784,390,The product didn’t meet my expectations.,2024-08-08 16:26:20.698975,2,13
785,445,Had a terrible experience.,2024-09-11 16:26:20.698975,1,72
786,585,I am very satisfied!,2024-07-15 16:26:20.698975,1,104
787,401,Not happy with the product.,2024-08-26 16:26:20.698975,4,104
788,455,Had a terrible experience.,2024-07-08 16:26:20.698975,4,93
789,228,Pricing is too high.,2024-09-21 16:26:20.698975,2,46
790,338,Support was helpful.,2024-07-16 16:26:20.698975,2,14
791,86,Excellent customer service!,2024-08-01 16:26:20.698975,2,26
792,492,Great service!,2024-09-14 16:26:20.698975,7,76
793,589,A great value for money.,2024-07-26 16:26:20.698975,7,77
794,293,The product exceeded my expectations.,2024-08-03 16:26:20.698975,5,37
795,80,I am very satisfied!,2024-07-06 16:26:20.698975,8,29
796,558,A great value for money.,2024-07-08 16:26:20.698975,3,88
797,540,Not happy with the product.,2024-09-15 16:26:20.698975,8,58
798,441,Very user-friendly!,2024-08-13 16:26:20.698975,6,18
799,423,Loved the features!,2024-08-29 16:26:20.698975,7,15
800,89,Not happy with the product.,2024-07-28 16:26:20.698975,4,38
801,529,I am very satisfied!,2024-07-03 16:26:20.698975,3,46
802,451,Support was helpful.,2024-08-01 16:26:20.698975,4,45
803,2,Product quality is excellent.,2024-09-18 16:26:20.698975,4,92
804,283,Will definitely recommend!,2024-09-12 16:26:20.698975,5,85
805,357,Will definitely recommend!,2024-07-12 16:26:20.698975,2,71
806,215,Delivery was late.,2024-08-31 16:26:20.698975,1,20
807,194,The product exceeded my expectations.,2024-09-10 16:26:20.698975,4,46
808,117,Pricing is too high.,2024-08-08 16:26:20.698975,3,15
809,312,The product didn’t meet my expectations.,2024-08-16 16:26:20.698975,5,14
810,354,Had a terrible experience.,2024-07-17 16:26:20.698975,3,27
811,167,Support was helpful.,2024-08-26 16:26:20.698975,6,104
812,250,Delivery was late.,2024-09-16 16:26:20.698975,3,79
813,315,The product didn’t meet my expectations.,2024-07-26 16:26:20.698975,4,75
814,462,Excellent customer service!,2024-08-09 16:26:20.698975,5,34
815,353,Very user-friendly!,2024-08-27 16:26:20.698975,6,72
816,136,The product exceeded my expectations.,2024-09-01 16:26:20.698975,6,39
817,276,Not happy with the product.,2024-09-29 16:26:20.698975,2,16
818,416,Excellent customer service!,2024-09-22 16:26:20.698975,3,25
819,89,I am disappointed.,2024-08-06 16:26:20.698975,3,93
820,132,Quick and easy purchase process!,2024-07-04 16:26:20.698975,6,35
821,407,I am very satisfied!,2024-07-19 16:26:20.698975,5,64
822,184,Product quality is excellent.,2024-08-14 16:26:20.698975,5,51
823,15,Not happy with the product.,2024-07-28 16:26:20.698975,4,90
824,545,Excellent customer service!,2024-09-11 16:26:20.698975,1,84
825,211,Will definitely recommend!,2024-08-13 16:26:20.698975,3,53
826,326,Quick and easy purchase process!,2024-08-17 16:26:20.698975,5,111
827,336,Could be improved.,2024-08-06 16:26:20.698975,1,96
828,240,I would not buy again.,2024-09-27 16:26:20.698975,2,54
829,579,I would not buy again.,2024-07-31 16:26:20.698975,4,27
830,61,Will definitely recommend!,2024-09-17 16:26:20.698975,7,98
831,364,Product quality is excellent.,2024-08-19 16:26:20.698975,4,98
832,241,The product exceeded my expectations.,2024-09-26 16:26:20.698975,5,55
833,219,Delivery was late.,2024-09-02 16:26:20.698975,1,34
834,147,Had a terrible experience.,2024-09-26 16:26:20.698975,7,113
835,209,I am very satisfied!,2024-07-11 16:26:20.698975,4,40
836,314,Support was helpful.,2024-09-22 16:26:20.698975,3,66
837,554,Had a terrible experience.,2024-09-02 16:26:20.698975,6,3
838,523,Not happy with the product.,2024-09-28 16:26:20.698975,7,38
839,343,Quick and easy purchase process!,2024-09-06 16:26:20.698975,7,98
840,184,A great value for money.,2024-07-25 16:26:20.698975,5,52
841,443,Satisfied with my purchase.,2024-07-19 16:26:20.698975,5,104
842,222,Will definitely recommend!,2024-07-11 16:26:20.698975,7,113
843,151,I am disappointed.,2024-07-22 16:26:20.698975,8,32
844,348,I am disappointed.,2024-07-31 16:26:20.698975,1,79
845,348,Could be improved.,2024-08-30 16:26:20.698975,4,17
846,168,A great value for money.,2024-07-26 16:26:20.698975,1,7
847,109,Had a terrible experience.,2024-07-09 16:26:20.698975,2,44
848,230,Will definitely recommend!,2024-07-31 16:26:20.698975,7,53
849,226,Could be improved.,2024-07-22 16:26:20.698975,6,109
850,595,Could be improved.,2024-08-26 16:26:20.698975,8,70
851,387,Loved the features!,2024-08-15 16:26:20.698975,1,108
852,519,I would not buy again.,2024-09-13 16:26:20.698975,7,52
853,66,Very user-friendly!,2024-09-13 16:26:20.698975,6,49
854,382,Delivery was late.,2024-08-11 16:26:20.698975,1,101
855,8,I would not buy again.,2024-09-11 16:26:20.698975,6,1
856,239,I am disappointed.,2024-09-06 16:26:20.698975,5,8
857,516,A great value for money.,2024-08-06 16:26:20.698975,4,11
858,500,Loved the features!,2024-08-01 16:26:20.698975,5,53
859,440,Very user-friendly!,2024-08-07 16:26:20.698975,4,85
860,187,Very user-friendly!,2024-09-29 16:26:20.698975,4,77
861,519,The product exceeded my expectations.,2024-09-30 16:26:20.698975,3,111
862,45,Satisfied with my purchase.,2024-07-11 16:26:20.698975,3,49
863,490,Could be improved.,2024-09-29 16:26:20.698975,6,56
864,319,Could be improved.,2024-07-31 16:26:20.698975,1,22
865,586,Could be improved.,2024-09-15 16:26:20.698975,5,1
866,115,Very user-friendly!,2024-08-29 16:26:20.698975,5,70
867,411,I am very satisfied!,2024-07-14 16:26:20.698975,3,53
868,351,Quick and easy purchase process!,2024-09-02 16:26:20.698975,5,64
869,347,A great value for money.,2024-09-07 16:26:20.698975,7,94
870,409,Will definitely recommend!,2024-09-22 16:26:20.698975,5,37
871,146,Excellent customer service!,2024-09-30 16:26:20.698975,1,112
872,2,Quick and easy purchase process!,2024-08-26 16:26:20.698975,2,96
873,483,The product exceeded my expectations.,2024-08-24 16:26:20.698975,5,81
874,557,The product didn’t meet my expectations.,2024-09-24 16:26:20.698975,1,87
875,239,Not happy with the product.,2024-08-08 16:26:20.698975,1,3
876,417,Support was helpful.,2024-09-16 16:26:20.698975,2,43
877,89,Delivery was late.,2024-07-03 16:26:20.698975,3,13
878,380,Excellent customer service!,2024-07-24 16:26:20.698975,3,103
879,265,Delivery was late.,2024-08-31 16:26:20.698975,4,65
880,407,Could be improved.,2024-08-22 16:26:20.698975,8,104
881,66,I am very satisfied!,2024-09-10 16:26:20.698975,7,8
882,467,Support was helpful.,2024-07-28 16:26:20.698975,4,86
883,39,Great service!,2024-08-10 16:26:20.698975,7,103
884,312,Product quality is excellent.,2024-07-25 16:26:20.698975,2,102
885,421,I am very satisfied!,2024-07-18 16:26:20.698975,4,110
886,217,Not happy with the product.,2024-08-08 16:26:20.698975,2,38
887,194,Very user-friendly!,2024-08-01 16:26:20.698975,8,60
888,213,Loved the features!,2024-09-01 16:26:20.698975,4,12
889,389,Usability is fantastic.,2024-09-28 16:26:20.698975,3,35
890,175,Very user-friendly!,2024-09-02 16:26:20.698975,7,105
891,511,Great service!,2024-09-22 16:26:20.698975,6,22
892,89,Product quality is excellent.,2024-09-06 16:26:20.698975,7,67
893,570,Support was helpful.,2024-07-26 16:26:20.698975,3,61
894,424,Product quality is excellent.,2024-07-26 16:26:20.698975,2,14
895,140,Pricing is too high.,2024-07-23 16:26:20.698975,2,87
896,156,Had a terrible experience.,2024-07-04 16:26:20.698975,8,20
897,488,Had a terrible experience.,2024-09-05 16:26:20.698975,1,92
898,118,I am very satisfied!,2024-07-16 16:26:20.698975,1,63
899,14,Satisfied with my purchase.,2024-09-29 16:26:20.698975,2,103
900,593,The product didn’t meet my expectations.,2024-07-14 16:26:20.698975,4,41
901,362,Had a terrible experience.,2024-07-23 16:26:20.698975,5,108
902,265,I am disappointed.,2024-08-15 16:26:20.698975,4,114
903,423,Product quality is excellent.,2024-07-14 16:26:20.698975,8,10
904,125,A great value for money.,2024-08-30 16:26:20.698975,1,8
905,142,The product exceeded my expectations.,2024-07-08 16:26:20.698975,8,35
906,215,Had a terrible experience.,2024-08-07 16:26:20.698975,7,99
907,576,Had a terrible experience.,2024-07-14 16:26:20.698975,3,43
908,511,Usability is fantastic.,2024-07-30 16:26:20.698975,3,107
909,101,The product exceeded my expectations.,2024-07-19 16:26:20.698975,1,46
910,226,Satisfied with my purchase.,2024-09-26 16:26:20.698975,7,64
911,417,Could be improved.,2024-08-28 16:26:20.698975,1,39
912,296,Loved the features!,2024-07-21 16:26:20.698975,8,17
913,581,The product didn’t meet my expectations.,2024-08-26 16:26:20.698975,5,49
914,367,Not happy with the product.,2024-07-13 16:26:20.698975,3,37
915,383,Could be improved.,2024-07-30 16:26:20.698975,2,77
916,79,Delivery was late.,2024-08-21 16:26:20.698975,3,58
917,358,Pricing is too high.,2024-07-22 16:26:20.698975,5,97
918,425,I am very satisfied!,2024-08-06 16:26:20.698975,7,35
919,132,Very user-friendly!,2024-09-24 16:26:20.698975,5,76
920,462,Great service!,2024-08-10 16:26:20.698975,4,68
921,86,Not happy with the product.,2024-07-04 16:26:20.698975,5,69
922,226,Usability is fantastic.,2024-09-05 16:26:20.698975,2,26
923,153,Delivery was late.,2024-08-21 16:26:20.698975,4,54
924,260,I am disappointed.,2024-07-06 16:26:20.698975,4,90
925,366,Great service!,2024-08-08 16:26:20.698975,8,6
926,173,Product quality is excellent.,2024-07-18 16:26:20.698975,3,14
927,522,The product exceeded my expectations.,2024-07-27 16:26:20.698975,4,50
928,321,Excellent customer service!,2024-09-11 16:26:20.698975,4,64
929,38,Delivery was late.,2024-09-15 16:26:20.698975,3,70
930,374,Not happy with the product.,2024-07-03 16:26:20.698975,5,90
931,111,A great value for money.,2024-08-05 16:26:20.698975,3,95
932,268,A great value for money.,2024-09-23 16:26:20.698975,8,11
933,359,Will definitely recommend!,2024-08-18 16:26:20.698975,4,7
934,204,Quick and easy purchase process!,2024-07-11 16:26:20.698975,2,5
935,77,Very user-friendly!,2024-07-24 16:26:20.698975,2,106
936,43,Satisfied with my purchase.,2024-07-23 16:26:20.698975,2,60
937,497,Delivery was late.,2024-07-17 16:26:20.698975,4,89
938,383,The product didn’t meet my expectations.,2024-09-05 16:26:20.698975,2,2
939,131,Product quality is excellent.,2024-08-24 16:26:20.698975,1,75
940,125,Excellent customer service!,2024-07-27 16:26:20.698975,7,74
941,232,Satisfied with my purchase.,2024-09-19 16:26:20.698975,3,7
942,245,I am disappointed.,2024-09-07 16:26:20.698975,6,99
943,190,I am disappointed.,2024-08-20 16:26:20.698975,1,33
944,409,I would not buy again.,2024-08-28 16:26:20.698975,4,24
945,82,Support was helpful.,2024-09-20 16:26:20.698975,5,109
946,548,Support was helpful.,2024-07-08 16:26:20.698975,3,74
947,42,Could be improved.,2024-09-28 16:26:20.698975,5,61
948,482,Could be improved.,2024-08-16 16:26:20.698975,4,73
949,271,Delivery was late.,2024-09-13 16:26:20.698975,1,28
950,19,Loved the features!,2024-08-19 16:26:20.698975,5,25
951,170,Product quality is excellent.,2024-08-13 16:26:20.698975,1,4
952,218,I am disappointed.,2024-09-20 16:26:20.698975,4,39
953,577,Delivery was late.,2024-07-07 16:26:20.698975,3,49
954,114,I am very satisfied!,2024-08-31 16:26:20.698975,6,68
955,43,Quick and easy purchase process!,2024-08-02 16:26:20.698975,5,53
956,110,Had a terrible experience.,2024-09-29 16:26:20.698975,7,111
957,333,The product exceeded my expectations.,2024-08-13 16:26:20.698975,5,95
958,412,I am disappointed.,2024-09-03 16:26:20.698975,7,43
959,121,Will definitely recommend!,2024-07-07 16:26:20.698975,1,76
960,372,I am very satisfied!,2024-08-19 16:26:20.698975,7,48
961,508,I am very satisfied!,2024-08-11 16:26:20.698975,8,1
962,235,Will definitely recommend!,2024-07-08 16:26:20.698975,5,59
963,494,Usability is fantastic.,2024-09-03 16:26:20.698975,2,112
964,286,Will definitely recommend!,2024-07-30 16:26:20.698975,3,26
965,296,Usability is fantastic.,2024-07-03 16:26:20.698975,7,87
966,39,A great value for money.,2024-07-06 16:26:20.698975,1,111
967,279,Had a terrible experience.,2024-09-12 16:26:20.698975,1,58
968,341,Delivery was late.,2024-09-02 16:26:20.698975,1,92
969,474,A great value for money.,2024-07-14 16:26:20.698975,5,45
970,465,Could be improved.,2024-07-04 16:26:20.698975,5,18
971,104,Satisfied with my purchase.,2024-07-16 16:26:20.698975,8,19
972,508,Usability is fantastic.,2024-09-21 16:26:20.698975,2,38
973,192,Quick and easy purchase process!,2024-08-06 16:26:20.698975,4,65
974,213,Product quality is excellent.,2024-07-09 16:26:20.698975,4,96
975,100,Loved the features!,2024-09-07 16:26:20.698975,7,75
976,473,Product quality is excellent.,2024-07-04 16:26:20.698975,1,29
977,376,Pricing is too high.,2024-08-07 16:26:20.698975,4,63
978,156,I am very satisfied!,2024-09-21 16:26:20.698975,4,52
979,174,Very user-friendly!,2024-07-06 16:26:20.698975,5,13
980,106,Excellent customer service!,2024-09-15 16:26:20.698975,1,24
981,517,Loved the features!,2024-09-19 16:26:20.698975,6,80
982,62,Satisfied with my purchase.,2024-08-10 16:26:20.698975,8,26
983,102,Quick and easy purchase process!,2024-07-15 16:26:20.698975,2,80
984,94,I would not buy again.,2024-07-11 16:26:20.698975,4,43
985,260,I would not buy again.,2024-07-27 16:26:20.698975,5,32
986,252,The product didn’t meet my expectations.,2024-08-19 16:26:20.698975,2,43
987,135,Product quality is excellent.,2024-07-30 16:26:20.698975,4,70
988,182,Not happy with the product.,2024-09-05 16:26:20.698975,2,58
989,600,I am very satisfied!,2024-07-30 16:26:20.698975,1,2
990,202,Not happy with the product.,2024-07-06 16:26:20.698975,3,111
991,41,I am disappointed.,2024-08-27 16:26:20.698975,5,15
992,168,Not happy with the product.,2024-08-19 16:26:20.698975,8,56
993,591,Delivery was late.,2024-09-30 16:26:20.698975,7,61
994,310,Had a terrible experience.,2024-08-26 16:26:20.698975,3,8
995,211,Quick and easy purchase process!,2024-07-22 16:26:20.698975,6,58
996,46,Very user-friendly!,2024-09-07 16:26:20.698975,5,16
997,349,Product quality is excellent.,2024-09-23 16:26:20.698975,7,97
998,173,Very user-friendly!,2024-07-04 16:26:20.698975,1,106
999,224,The product exceeded my expectations.,2024-08-03 16:26:20.698975,8,73
1000,235,I would not buy again.,2024-07-04 16:26:20.698975,2,99
